Workbook

Sheet 054M - Depreciación
A1: CD_EMPRESA_ERP | B1: CD_FILIAL_ERP | C1: DT_REFER | D1: CD_CCUSTO_ERP | E1: CD_EQUIPTO_ERP | F1: VL_TOTAL | G1: DT_ENVIO_ERP | H1: DT_INTEG_PIMS | I1: FG_STATUS_INTEG | J1: Quitar | K1: VL_TOTAL1
A2: 1000 | B2: 1000 | C2: 45961 | D2: 1020231102 | E2: 0 | F2: 225453.65 | G2: 45966 | I2: NI | J2: =ROUND(VLOOKUP(D2,SAP!$S$4:$T$18,2,0),2) -> -225.7 | K2: =+F2+J2 -> 225227.95
A3: 1000 | B3: 1000 | C3: 45961 | D3: 1020231210 | E3: 0 | F3: 34451.15 | G3: 45966 | I3: NI | J3: =ROUND(VLOOKUP(D3,SAP!$S$4:$T$18,2,0),2) -> -12274.75 | K3: =+F3+J3 -> 22176.4
A4: 1000 | B4: 1000 | C4: 45961 | D4: 1020231215 | E4: 0 | F4: 18418.56 | G4: 45966 | I4: NI | K4: =+F4+J4 -> 18418.56
A5: 1000 | B5: 1000 | C5: 45961 | D5: 1020231207 | E5: 0 | F5: 56.99 | G5: 45966 | I5: NI | K5: =+F5+J5 -> 56.99
A6: 1000 | B6: 1000 | C6: 45961 | D6: 1020231222 | E6: 3224000034 | F6: 15565.86 | G6: 45966 | I6: NI | K6: =+F6+J6 -> 15565.86
A7: 1000 | B7: 1000 | C7: 45961 | D7: 1020231209 | E7: 0 | F7: 13281.47 | G7: 45966 | I7: NI | K7: =+F7+J7 -> 13281.47
A8: 1000 | B8: 1000 | C8: 45961 | D8: 1020231213 | E8: 0 | F8: 2367.02 | G8: 45966 | I8: NI | K8: =+F8+J8 -> 2367.02
A9: 1000 | B9: 1000 | C9: 45961 | D9: 1020231102 | E9: 3331004793 | F9: 365.47 | G9: 45966 | I9: NI | K9: =+F9+J9 -> 365.47
A10: 1000 | B10: 1000 | C10: 45961 | D10: 1020230304 | E10: 3235000082 | F10: 2487.86 | G10: 45966 | I10: NI | K10: =+F10+J10 -> 2487.86
A11: 1000 | B11: 1000 | C11: 45961 | D11: 1020231210 | E11: 3341000144 | F11: 157.74 | G11: 45966 | I11: NI | K11: =+F11+J11 -> 157.74
A12: 1000 | B12: 1000 | C12: 45961 | D12: 1020231221 | E12: 3331004729 | F12: 99.57 | G12: 45966 | I12: NI | K12: =+F12+J12 -> 99.57
A13: 1000 | B13: 1000 | C13: 45961 | D13: 1020230304 | E13: 3224000020 | F13: 3487.25 | G13: 45966 | I13: NI | K13: =+F13+J13 -> 3487.25
A14: 1000 | B14: 1000 | C14: 45961 | D14: 1020231101 | E14: 0 | F14: 11661.67 | G14: 45966 | I14: NI | J14: =ROUND(VLOOKUP(D14,SAP!$S$4:$T$18,2,0),2) -> -828.16 | K14: =+F14+J14 -> 10833.51
A15: 1000 | B15: 1000 | C15: 45961 | D15: 1020230401 | E15: 0 | F15: 14562.6 | G15: 45966 | I15: NI | K15: =+F15+J15 -> 14562.6
A16: 1000 | B16: 1000 | C16: 45961 | D16: 1020231102 | E16: 3331002907 | F16: 26.66 | G16: 45966 | I16: NI | K16: =+F16+J16 -> 26.66
A17: 1000 | B17: 1000 | C17: 45961 | D17: 1020231103 | E17: 0 | F17: 696701.5 | G17: 45966 | I17: NI | J17: =ROUND(VLOOKUP(D17,SAP!$S$4:$T$18,2,0),2) -> -598839.21 | K17: =+F17+J17 -> 97862.29
A18: 1000 | B18: 1000 | C18: 45961 | D18: 1020231001 | E18: 0 | F18: 173.42 | G18: 45966 | I18: NI | K18: =+F18+J18 -> 173.42
A19: 1000 | B19: 1000 | C19: 45961 | D19: 1020231221 | E19: 0 | F19: 24101.28 | G19: 45966 | I19: NI | J19: =ROUND(VLOOKUP(D19,SAP!$S$4:$T$18,2,0),2) -> -11566.26 | K19: =+F19+J19 -> 12535.02
A20: 1000 | B20: 1000 | C20: 45961 | D20: 1020231204 | E20: 3224000075 | F20: 2966.91 | G20: 45966 | I20: NI | K20: =+F20+J20 -> 2966.91
A21: 1000 | B21: 1000 | C21: 45961 | D21: 1020231101 | E21: 3331002952 | F21: 150.81 | G21: 45966 | I21: NI | K21: =+F21+J21 -> 150.81
A22: 1000 | B22: 1000 | C22: 45961 | D22: 1020231211 | E22: 0 | F22: 2022.98 | G22: 45966 | I22: NI | K22: =+F22+J22 -> 2022.98
A23: 1000 | B23: 1000 | C23: 45961 | D23: 1020230001 | E23: 0 | F23: 14534.36 | G23: 45966 | I23: NI | K23: =+F23+J23 -> 14534.36
A24: 1000 | B24: 1000 | C24: 45961 | D24: 1020231212 | E24: 0 | F24: 2407.86 | G24: 45966 | I24: NI | K24: =+F24+J24 -> 2407.86
A25: 1000 | B25: 1000 | C25: 45961 | D25: 1020231102 | E25: 3331000028 | F25: 46.3 | G25: 45966 | I25: NI | K25: =+F25+J25 -> 46.3
A26: 1000 | B26: 1000 | C26: 45961 | D26: 1020231102 | E26: 3331000375 | F26: 59.33 | G26: 45966 | I26: NI | K26: =+F26+J26 -> 59.33
A27: 1000 | B27: 1000 | C27: 45961 | D27: 1020231105 | E27: 0 | F27: 2174.64 | G27: 45966 | I27: NI | K27: =+F27+J27 -> 2174.64
A28: 1000 | B28: 1000 | C28: 45961 | D28: 1020231103 | E28: 3224000061 | F28: 9390.8 | G28: 45966 | I28: NI | K28: =+F28+J28 -> 9390.8
A29: 1000 | B29: 1000 | C29: 45961 | D29: 1020231103 | E29: 3331004802 | F29: 472.16 | G29: 45966 | I29: NI | K29: =+F29+J29 -> 472.16
A30: 1000 | B30: 1000 | C30: 45961 | D30: 1020230301 | E30: 0 | F30: 33676.77 | G30: 45966 | I30: NI | J30: =ROUND(VLOOKUP(D30,SAP!$S$4:$T$18,2,0),2) -> -26066.88 | K30: =+F30+J30 -> 7609.89
A31: 1000 | B31: 1000 | C31: 45961 | D31: 1020230709 | E31: 3331000242 | F31: 324.64 | G31: 45966 | I31: NI | K31: =+F31+J31 -> 324.64
A32: 1000 | B32: 1000 | C32: 45961 | D32: 1020230304 | E32: 3225000014 | F32: 9159.32 | G32: 45966 | I32: NI | K32: =+F32+J32 -> 9159.32
A33: 1000 | B33: 1000 | C33: 45961 | D33: 1020231101 | E33: 3331000051 | F33: 129.26 | G33: 45966 | I33: NI | K33: =+F33+J33 -> 129.26
A34: 1000 | B34: 1000 | C34: 45961 | D34: 1020230204 | E34: 0 | F34: 216.44 | G34: 45966 | I34: NI | K34: =+F34+J34 -> 216.44
A35: 1000 | B35: 1000 | C35: 45961 | D35: 1020231303 | E35: 0 | F35: 5604.82 | G35: 45966 | I35: NI | J35: =ROUND(VLOOKUP(D35,SAP!$S$4:$T$18,2,0),2) -> -305.96 | K35: =+F35+J35 -> 5298.86
A36: 1000 | B36: 1000 | C36: 45961 | D36: 1020231222 | E36: 3331000023 | F36: 2438.25 | G36: 45966 | I36: NI | K36: =+F36+J36 -> 2438.25
A37: 1000 | B37: 1000 | C37: 45961 | D37: 1020231201 | E37: 3331004108 | F37: 320.53 | G37: 45966 | I37: NI | K37: =+F37+J37 -> 320.53
A38: 1000 | B38: 1000 | C38: 45961 | D38: 1020231201 | E38: 0 | F38: 18929.3 | G38: 45966 | I38: NI | J38: =ROUND(VLOOKUP(D38,SAP!$S$4:$T$18,2,0),2) -> -3658.19 | K38: =+F38+J38 -> 15271.11
A39: 1000 | B39: 1000 | C39: 45961 | D39: 1020230304 | E39: 3225000040 | F39: 359.64 | G39: 45966 | I39: NI | K39: =+F39+J39 -> 359.64
A40: 1000 | B40: 1000 | C40: 45961 | D40: 1020231301 | E40: 3341000050 | F40: 1973.34 | G40: 45966 | I40: NI | K40: =+F40+J40 -> 1973.34
A41: 1000 | B41: 1000 | C41: 45961 | D41: 1020231214 | E41: 0 | F41: 962.35 | G41: 45966 | I41: NI | K41: =+F41+J41 -> 962.35
A42: 1000 | B42: 1000 | C42: 45961 | D42: 1020231204 | E42: 3331000024 | F42: 3038.44 | G42: 45966 | I42: NI | K42: =+F42+J42 -> 3038.44
A43: 1000 | B43: 1000 | C43: 45961 | D43: 1020231207 | E43: 3331000111 | F43: 51.17 | G43: 45966 | I43: NI | K43: =+F43+J43 -> 51.17
A44: 1000 | B44: 1000 | C44: 45961 | D44: 1020230701 | E44: 0 | F44: 7033.05 | G44: 45966 | I44: NI | K44: =+F44+J44 -> 7033.05
A45: 1000 | B45: 1000 | C45: 45961 | D45: 1020230304 | E45: 0 | F45: 80709.36 | G45: 45966 | I45: NI | J45: =ROUND(VLOOKUP(D45,SAP!$S$4:$T$18,2,0),2) -> -63019.79 | K45: =+F45+J45 -> 17689.57
A46: 1000 | B46: 1000 | C46: 45961 | D46: 1020231103 | E46: 3331004622 | F46: 497.03 | G46: 45966 | I46: NI | K46: =+F46+J46 -> 497.03
A47: 1000 | B47: 1000 | C47: 45961 | D47: 1020231208 | E47: 0 | F47: 2568.61 | G47: 45966 | I47: NI | K47: =+F47+J47 -> 2568.61
A48: 1000 | B48: 1000 | C48: 45961 | D48: 1020230304 | E48: 3224000007 | F48: 3157.61 | G48: 45966 | I48: NI | K48: =+F48+J48 -> 3157.61
A49: 1000 | B49: 1000 | C49: 45961 | D49: 1020231104 | E49: 0 | F49: 2017.92 | G49: 45966 | I49: NI | K49: =+F49+J49 -> 2017.92
A50: 1000 | B50: 1000 | C50: 45961 | D50: 1020231201 | E50: 3331004114 | F50: 332 | G50: 45966 | I50: NI | K50: =+F50+J50 -> 332
A51: 1000 | B51: 1000 | C51: 45961 | D51: 1020231401 | E51: 3341000134 | F51: 273.05 | G51: 45966 | I51: NI | K51: =+F51+J51 -> 273.05
A52: 1000 | B52: 1000 | C52: 45961 | D52: 1020231222 | E52: 3331004762 | F52: 44.73 | G52: 45966 | I52: NI | K52: =+F52+J52 -> 44.73
A53: 1000 | B53: 1000 | C53: 45961 | D53: 1020231301 | E53: 0 | F53: 1432.31 | G53: 45966 | I53: NI | K53: =+F53+J53 -> 1432.31
A54: 1000 | B54: 1000 | C54: 45961 | D54: 1020231205 | E54: 0 | F54: 356.56 | G54: 45966 | I54: NI | K54: =+F54+J54 -> 356.56
A55: 1000 | B55: 1000 | C55: 45961 | D55: 1020230304 | E55: 3341000062 | F55: 1456.29 | G55: 45966 | I55: NI | K55: =+F55+J55 -> 1456.29
A56: 1000 | B56: 1000 | C56: 45961 | D56: 1020231215 | E56: 3324000138 | F56: 116.54 | G56: 45966 | I56: NI | K56: =+F56+J56 -> 116.54
A57: 1000 | B57: 1000 | C57: 45961 | D57: 1020231401 | E57: 0 | F57: 3085.89 | G57: 45966 | I57: NI | K57: =+F57+J57 -> 3085.89
A58: 1000 | B58: 1000 | C58: 45961 | D58: 1020230304 | E58: 3224000002 | F58: 57403.73 | G58: 45966 | I58: NI | J58: =+SAP!M40 -> -51663.357 | K58: =+F58+J58 -> 5740.373
A59: 1000 | B59: 1000 | C59: 45961 | D59: 1020231102 | E59: 3331000054 | F59: 1094.06 | G59: 45966 | I59: NI | K59: =+F59+J59 -> 1094.06
A60: 1000 | B60: 1000 | C60: 45961 | D60: 1020231204 | E60: 3331000005 | F60: 1191.11 | G60: 45966 | I60: NI | K60: =+F60+J60 -> 1191.11
A61: 1000 | B61: 1000 | C61: 45961 | D61: 1020231215 | E61: 3324000155 | F61: 117.15 | G61: 45966 | I61: NI | K61: =+F61+J61 -> 117.15
A62: 1000 | B62: 1000 | C62: 45961 | D62: 1020231103 | E62: 3331004620 | F62: 496.88 | G62: 45966 | I62: NI | K62: =+F62+J62 -> 496.88
A63: 1000 | B63: 1000 | C63: 45961 | D63: 1020231222 | E63: 0 | F63: 129.46 | G63: 45966 | I63: NI | K63: =+F63+J63 -> 129.46
A64: 1000 | B64: 1000 | C64: 45961 | D64: 1020230304 | E64: 3341000061 | F64: 1456.29 | G64: 45966 | I64: NI | K64: =+F64+J64 -> 1456.29
A65: 1000 | B65: 1000 | C65: 45961 | D65: 1020230304 | E65: 3224000054 | F65: 7194.87 | G65: 45966 | I65: NI | K65: =+F65+J65 -> 7194.87
A66: 1000 | B66: 1000 | C66: 45961 | D66: 1020231204 | E66: 3331004635 | F66: 115.56 | G66: 45966 | I66: NI | K66: =+F66+J66 -> 115.56
A67: 1000 | B67: 1000 | C67: 45961 | D67: 1020231204 | E67: 3331002816 | F67: 123.22 | G67: 45966 | I67: NI | K67: =+F67+J67 -> 123.22
A68: 1000 | B68: 1000 | C68: 45961 | D68: 1020231210 | E68: 3341000146 | F68: 157.94 | G68: 45966 | I68: NI | K68: =+F68+J68 -> 157.94
A69: 1000 | B69: 1000 | C69: 45961 | D69: 1020231204 | E69: 3369001477 | F69: 61.8 | G69: 45966 | I69: NI | K69: =+F69+J69 -> 61.8
A70: 1000 | B70: 1000 | C70: 45961 | D70: 1020231203 | E70: 0 | F70: 17480.13 | G70: 45966 | I70: NI | J70: =ROUND(VLOOKUP(D70,SAP!$S$4:$T$18,2,0),2) -> -8596 | K70: =+F70+J70 -> 8884.13
A71: 1000 | B71: 1000 | C71: 45961 | D71: 1020230304 | E71: 3225000025 | F71: 346.44 | G71: 45966 | I71: NI | K71: =+F71+J71 -> 346.44
A72: 1000 | B72: 1000 | C72: 45961 | D72: 1020230304 | E72: 3225000016 | F72: 301.75 | G72: 45966 | I72: NI | K72: =+F72+J72 -> 301.75
A73: 1000 | B73: 1000 | C73: 45961 | D73: 1020231103 | E73: 3331004647 | F73: 221.54 | G73: 45966 | I73: NI | K73: =+F73+J73 -> 221.54
A74: 1000 | B74: 1000 | C74: 45961 | D74: 1020231204 | E74: 3224000027 | F74: 3434.75 | G74: 45966 | I74: NI | K74: =+F74+J74 -> 3434.75
A75: 1000 | B75: 1000 | C75: 45961 | D75: 1020231215 | E75: 3331002938 | F75: 453 | G75: 45966 | I75: NI | K75: =+F75+J75 -> 453
A76: 1000 | B76: 1000 | C76: 45961 | D76: 1020231210 | E76: 3331004737 | F76: 669.49 | G76: 45966 | I76: NI | K76: =+F76+J76 -> 669.49
A77: 1000 | B77: 1000 | C77: 45961 | D77: 1020230304 | E77: 3224000015 | F77: 2859.75 | G77: 45966 | I77: NI | K77: =+F77+J77 -> 2859.75
A78: 1000 | B78: 1000 | C78: 45961 | D78: 1020231204 | E78: 3331004634 | F78: 129.44 | G78: 45966 | I78: NI | K78: =+F78+J78 -> 129.44
A79: 1000 | B79: 1000 | C79: 45961 | D79: 1020231102 | E79: 3331002904 | F79: 72.47 | G79: 45966 | I79: NI | K79: =+F79+J79 -> 72.47
A80: 1000 | B80: 1000 | C80: 45961 | D80: 1020231101 | E80: 3331003040 | F80: 202.76 | G80: 45966 | I80: NI | K80: =+F80+J80 -> 202.76
A81: 1000 | B81: 1000 | C81: 45961 | D81: 1020230304 | E81: 3225000045 | F81: 359.64 | G81: 45966 | I81: NI | K81: =+F81+J81 -> 359.64
A82: 1000 | B82: 1000 | C82: 45961 | D82: 1020231215 | E82: 3324000162 | F82: 61.68 | G82: 45966 | I82: NI | K82: =+F82+J82 -> 61.68
... A97: 1000 | B97: 1000 | C97: 45961 | D97: 1020231103 | E97: 3224000026 | F97: 2906.04 | G97: 45966 | I97: NI | K97: =+F97+J97 -> 2906.04
A98: 1000 | B98: 1000 | C98: 45961 | D98: 1020230402 | E98: 0 | F98: 21183.58 | G98: 45966 | I98: NI | J98: =ROUND(VLOOKUP(D98,SAP!$S$4:$T$18,2,0),2) -> -19065.22 | K98: =+F98+J98 -> 2118.36
A99: 1000 | B99: 1000 | C99: 45961 | D99: 1020230301 | E99: 3331002852 | F99: 1335.37 | G99: 45966 | I99: NI | K99: =+F99+J99 -> 1335.37
A100: 1000 | B100: 1000 | C100: 45961 | D100: 1020231204 | E100: 3331004636 | F100: 238.12 | G100: 45966 | I100: NI | K100: =+F100+J100 -> 238.12
A101: 1000 | B101: 1000 | C101: 45961 | D101: 1020231215 | E101: 3331002942 | F101: 349.26 | G101: 45966 | I101: NI | K101: =+F101+J101 -> 349.26
A102: 1000 | B102: 1000 | C102: 45961 | D102: 1020230304 | E102: 3224000003 | F102: 22724.34 | G102: 45966 | I102: NI | J102: =+SAP!M38 -> -17043.26 | K102: =+F102+J102 -> 5681.08
A103: 1000 | B103: 1000 | C103: 45961 | D103: 1020230304 | E103: 3224000045 | F103: 932.4 | G103: 45966 | I103: NI | K103: =+F103+J103 -> 932.4
A104: 1000 | B104: 1000 | C104: 45961 | D104: 1020230301 | E104: 3331000308 | F104: 1509.78 | G104: 45966 | I104: NI | K104: =+F104+J104 -> 1509.78
A105: 1000 | B105: 1000 | C105: 45961 | D105: 1020230304 | E105: 3225000054 | F105: 318.19 | G105: 45966 | I105: NI | K105: =+F105+J105 -> 318.19
A106: 1000 | B106: 1000 | C106: 45961 | D106: 1020231204 | E106: 3224000001 | F106: 1755.21 | G106: 45966 | I106: NI | K106: =+F106+J106 -> 1755.21
A107: 1000 | B107: 1000 | C107: 45961 | D107: 1020231103 | E107: 3235000075 | F107: 4758.49 | G107: 45966 | I107: NI | K107: =+F107+J107 -> 4758.49
A108: 1000 | B108: 1000 | C108: 45961 | D108: 1020231206 | E108: 0 | F108: 246.52 | G108: 45966 | I108: NI | K108: =+F108+J108 -> 246.52
A109: 1000 | B109: 1000 | C109: 45961 | D109: 1020231204 | E109: 3224000038 | F109: 8919.81 | G109: 45966 | I109: NI | K109: =+F109+J109 -> 8919.81
A110: 1000 | B110: 1000 | C110: 45961 | D110: 1020231204 | E110: 3369001553 | F110: 236.58 | G110: 45966 | I110: NI | K110: =+F110+J110 -> 236.58
A111: 1000 | B111: 1000 | C111: 45961 | D111: 1020231210 | E111: 3331002965 | F111: 687.49 | G111: 45966 | I111: NI | K111: =+F111+J111 -> 687.49
A112: 1000 | B112: 1000 | C112: 45961 | D112: 1020231215 | E112: 3331002939 | F112: 485.34 | G112: 45966 | I112: NI | K112: =+F112+J112 -> 485.34
A113: 1000 | B113: 1000 | C113: 45961 | D113: 1020231221 | E113: 3331004567 | F113: 163.5 | G113: 45966 | I113: NI | K113: =+F113+J113 -> 163.5
A114: 1000 | B114: 1000 | C114: 45961 | D114: 1020231215 | E114: 3324000152 | F114: 123.3 | G114: 45966 | I114: NI | K114: =+F114+J114 -> 123.3
...

Sheet SAP
H1: =+SUBTOTAL(9,H2:H63) -> -916883.88 | L1: =+SUBTOTAL(9,L2:L63) -> -97871.985
A2: Act.fijo | B2: Subnúmero | C2: Det.ctas. | D2: Nombre | E2: Nº doc. | F2: Denominación | G2: Período | H2: Impte.MS | I2: Mon.soc. | J2: ceco | K2: fecha depreciacion | L2: Mensual | M2: Quitar | N2: Codg | S2: Codg | T2: (en blanco)
A3: 3323000532 | B3: 0 | C3: A004 | D3: CONSTRUCCION DE BAÑOS - COSECHA | E3: 300000226 | F3: Amortización normal | G3: 10 | H3: -11828.41 | I3: PEN | J3: 1020230301 | K3: 45658 | L3: =+H3/10 -> -1182.841 | M3: =+H3-L3 -> -10645.569
A4: 3323000533 | B4: 0 | C4: A004 | D4: HABILITACION DE VIAS Y CONSTRUCCION DE PUENTE LARE | E4: 300000226 | F4: Amortización normal | G4: 10 | H4: -27047.43 | I4: PEN | J4: 1020230304 | K4: 45658 | L4: =+H4/10 -> -2704.743 | M4: =+H4-L4 -> -24342.687 | P4: Etiquetas de fila | Q4: Suma de Impte.MS | S4: ceco | T4: Suma de Quitar | V4: ceco | W4: Suma de Quitar
A5: 3323000534 | B5: 0 | C5: A004 | D5: RECONSTRUCCION DE VIAS ARENA DULCE | E5: 300000226 | F5: Amortización normal | G5: 10 | H5: -2395.05 | I5: PEN | J5: 1020230304 | K5: 45658 | L5: =+H5/10 -> -239.505 | M5: =+H5-L5 -> -2155.545 | P5: 1020230004 | Q5: -783.85 | S5: 1020230004 | T5: -627.08 | V5: 1020230004 | W5: -627.08 | Y5: 6841500004 | Z5: Dep equipos diversos
A6: 3323000535 | B6: 0 | C6: A004 | D6: RECONSTRUCCION DE VIAS LAREDO | E6: 300000226 | F6: Amortización normal | G6: 10 | H6: -21555.44 | I6: PEN | J6: 1020230304 | K6: 45658 | L6: =+H6/10 -> -2155.544 | M6: =+H6-L6 -> -19399.896 | P6: 1020230301 | Q6: -28963.2 | S6: 1020230301 | T6: -26066.88 | V6: 1020230301 | W6: -26066.88
A7: 3324000391 | B7: 0 | C7: A005 | D7: DOBLE MANGUERA HENRY J FILT19 - INFRAESTRUCTURA | E7: 300000227 | F7: Amortización normal | G7: 10 | H7: -18251.93 | I7: PEN | J7: 1020231103 | K7: 45658 | L7: =+H7/10 -> -1825.193 | M7: =+H7-L7 -> -16426.737 | P7: 1020230304 | Q7: -152599.86 | S7: 1020230304 | T7: -63019.791 | V7: 1020230304 | W7: -133931.23
A8: 3324000392 | B8: 0 | C8: A005 | D8: DOBLE MANGUERA CASCAJAL F1 - INFRAESTRUCTURA | E8: 300000227 | F8: Amortización normal | G8: 10 | H8: -13220.67 | I8: PEN | J8: 1020231103 | K8: 45658 | L8: =+H8/10 -> -1322.067 | M8: =+H8-L8 -> -11898.603 | P8: 1020230402 | Q8: -21183.58 | S8: 1020230402 | T8: -19065.222 | V8: 1020230402 | W8: -19065.222
A9: 3324000393 | B9: 0 | C9: A005 | D9: DOBLE MANGUERA CASCAJAL F2 - INFRAESTRUCTURA | E9: 300000227 | F9: Amortización normal | G9: 10 | H9: -17432.15 | I9: PEN | J9: 1020231103 | K9: 45658 | L9: =+H9/10 -> -1743.215 | M9: =+H9-L9 -> -15688.935 | P9: 1020231101 | Q9: -1087.55 | S9: 1020231101 | T9: -828.157 | V9: 1020231101 | W9: -828.157
A10: 3324000394 | B10: 0 | C10: A005 | D10: DOBLE MANGUERA HACIENDA REAL F8 - INFRAESTRUCTURA | E10: 300000227 | F10: Amortización normal | G10: 10 | H10: -22136.72 | I10: PEN | J10: 1020231103 | K10: 45658 | L10: =+H10/10 -> -2213.672 | M10: =+H10-L10 -> -19923.048 | P10: 1020231102 | Q10: -250.78 | S10: 1020231102 | T10: -225.702 | V10: 1020231102 | W10: -225.702
A11: 3324000395 | B11: 0 | C11: A005 | D11: DOBLE MANGUERA HACIENDA REAL F10 - INFRAESTRUCTURA | E11: 300000227 | F11: Amortización normal | G11: 10 | H11: -20509.32 | I11: PEN | J11: 1020231103 | K11: 45658 | L11: =+H11/10 -> -2050.932 | M11: =+H11-L11 -> -18458.388 | P11: 1020231103 | Q11: -666564.06 | S11: 1020231103 | T11: -598839.21 | V11: 1020231103 | W11: -598839.21
A12: 3324000396 | B12: 0 | C12: A005 | D12: DOBLE MANGUERA PALMIRA F13 - INFRAESTRUCTURA | E12: 300000227 | F12: Amortización normal | G12: 10 | H12: -17170.82 | I12: PEN | J12: 1020231103 | K12: 45658 | L12: =+H12/10 -> -1717.082 | M12: =+H12-L12 -> -15453.738 | P12: 1020231201 | Q12: -4877.59 | S12: 1020231201 | T12: -3658.19 | V12: 1020231201 | W12: -3658.19
A13: 3324000397 | B13: 0 | C13: A005 | D13: DOBLE MANGUERA DON ALBERTO F15 - INFRAESTRUCTURA | E13: 300000227 | F13: Amortización normal | G13: 10 | H13: -658.89 | I13: PEN | J13: 1020231103 | K13: 45658 | L13: =+H13/10 -> -65.889 | M13: =+H13-L13 -> -593.001 | P13: 1020231203 | Q13: -9670.5 | S13: 1020231203 | T13: -8596 | V13: 1020231203 | W13: -8596
A14: 3324000398 | B14: 0 | C14: A005 | D14: DOBLE MANGUERA DON ALBERTO F16 - INFRAESTRUCTURA | E14: 300000227 | F14: Amortización normal | G14: 10 | H14: -16649.66 | I14: PEN | J14: 1020231103 | K14: 45658 | L14: =+H14/10 -> -1664.966 | M14: =+H14-L14 -> -14984.694 | P14: 1020231210 | Q14: -13638.61 | S14: 1020231210 | T14: -12274.749 | V14: 1020231210 | W14: -12274.749
A15: 3324000399 | B15: 0 | C15: A005 | D15: DOBLE MANGUERA DON ALBERTO F17 - INFRAESTRUCTURA | E15: 300000227 | F15: Amortización normal | G15: 10 | H15: -19250.76 | I15: PEN | J15: 1020231103 | K15: 45658 | L15: =+H15/10 -> -1925.076 | M15: =+H15-L15 -> -17325.684 | P15: 1020231221 | Q15: -13501.68 | S15: 1020231221 | T15: -11566.26 | V15: 1020231221 | W15: -11566.26
A16: 3324000400 | B16: 0 | C16: A005 | D16: DOBLE MANGUERA HENRY J F20 - INFRAESTRUCTURA | E16: 300000227 | F16: Amortización normal | G16: 10 | H16: -10557.88 | I16: PEN | J16: 1020231103 | K16: 45658 | L16: =+H16/10 -> -1055.788 | M16: =+H16-L16 -> -9502.092 | P16: 1020231303 | Q16: -356.96 | S16: 1020231303 | T16: -305.96 | V16: 1020231303 | W16: -305.96
A17: 3324000401 | B17: 0 | C17: A005 | D17: DOBLE MANGUERA HENRY J F21 - INFRAESTRUCTURA | E17: 300000227 | F17: Amortización normal | G17: 10 | H17: -1848.94 | I17: PEN | J17: 1020231103 | K17: 45658 | L17: =+H17/10 -> -184.894 | M17: =+H17-L17 -> -1664.046 | P17: 1020231304 | Q17: -3405.66 | S17: 1020231304 | T17: -3027.26 | V17: 1020231304 | W17: -3027.26
A18: 3324000402 | B18: 0 | C18: A005 | D18: DOBLE MANGUERA HENRY J F22 - INFRAESTRUCTURA | E18: 300000227 | F18: Amortización normal | G18: 10 | H18: -6407.9 | I18: PEN | J18: 1020231103 | K18: 45658 | L18: =+H18/10 -> -640.79 | M18: =+H18-L18 -> -5767.11 | P18: Total general | Q18: -916883.88 | S18: Total general | T18: -748100.46 | V18: Total general | W18: -819011.89
A19: 3324000403 | B19: 0 | C19: A005 | D19: POZO TUBULAR NUEVO CAMPO ESPINAL JR 2 CTL 5 | E19: 300000227 | F19: Amortización normal | G19: 10 | H19: -4043.21 | I19: PEN | J19: 1020231210 | K19: 45658 | L19: =+H19/10 -> -404.321 | M19: =+H19-L19 -> -3638.889
A20: 3324000404 | B20: 0 | C20: A005 | D20: CONSTRUCCION TORRE VENTADA 9M | E20: 300000227 | F20: Amortización normal | G20: 10 | H20: -387.05 | I20: PEN | J20: 1020231103 | K20: 45901 | L20: -193.52 | M20: =+H20-L20 -> -193.53
A21: 3324000405 | B21: 0 | C21: A005 | D21: ADECUACION Y HABILITACIÓN DE NUEVAS VIAS ARENA DUL | E21: 300000227 | F21: Amortización normal | G21: 10 | H21: -278.31 | I21: PEN | J21: 1020231103 | K21: 45658 | L21: =+H21/10 -> -27.831 | M21: =+H21-L21 -> -250.479 | S21: Codg | T21: 1
A22: 3324000406 | B22: 0 | C22: A005 | D22: HABILITACION DE VIAS CAMPO ARENA DULCE | E22: 300000227 | F22: Amortización normal | G22: 10 | H22: -3311.53 | I22: PEN | J22: 1020230304 | K22: 45658 | L22: =+H22/10 -> -331.153 | M22: =+H22-L22 -> -2980.377
A23: 3324000407 | B23: 0 | C23: A005 | D23: HABILITACION DE VIAS CAMPO CORTIJO | E23: 300000227 | F23: Amortización normal | G23: 10 | H23: -567.77 | I23: PEN | J23: 1020230304 | K23: 45658 | L23: =+H23/10 -> -56.777 | M23: =+H23-L23 -> -510.993 | S23: Act.fijo | T23: Suma de Quitar
A24: 3324000408 | B24: 0 | C24: A005 | D24: HABILITACION DE VIAS CAMPO VIRU | E24: 300000227 | F24: Amortización normal | G24: 10 | H24: -851.55 | I24: PEN | J24: 1020230304 | K24: 45658 | L24: =+H24/10 -> -85.155 | M24: =+H24-L24 -> -766.395 | S24: 3331004825 | T24: -17043.26
A25: 3331004812 | B25: 0 | C25: A006 | D25: DOBLE MANGUERA HENRY J F19 - MANGUERA | E25: 300000233 | F25: Amortización normal | G25: 10 | H25: -43594.31 | I25: PEN | J25: 1020231103 | K25: 45658 | L25: =+H25/10 -> -4359.431 | M25: =+H25-L25 -> -39234.879 | S25: 3331004826 | T25: -2204.82
A26: 3331004813 | B26: 0 | C26: A006 | D26: DOBLE MANGUERA CASCAJAL J F1 - MANGUERA | E26: 300000233 | F26: Amortización normal | G26: 10 | H26: -11168.27 | I26: PEN | J26: 1020231103 | K26: 45658 | L26: =+H26/10 -> -1116.827 | M26: =+H26-L26 -> -10051.443 | S26: 3331004827 | T26: -51663.357
A27: 3331004814 | B27: 0 | C27: A006 | D27: DOBLE MANGUERA CASCAJAL J F2 - MANGUERA | E27: 300000233 | F27: Amortización normal | G27: 10 | H27: -57050.83 | I27: PEN | J27: 1020231103 | K27: 45658 | L27: =+H27/10 -> -5705.083 | M27: =+H27-L27 -> -51345.747 | S27: Total general | T27: -70911.437
A28: 3331004815 | B28: 0 | C28: A006 | D28: DOBLE MANGUERA HACIENDA REAL F8 - MANGUERA | E28: 300000233 | F28: Amortización normal | G28: 10 | H28: -61644.76 | I28: PEN | J28: 1020231103 | K28: 45658 | L28: =+H28/10 -> -6164.476 | M28: =+H28-L28 -> -55480.284
A29: 3331004816 | B29: 0 | C29: A006 | D29: DOBLE MANGUERA HACIENDA REAL F10 - MANGUERA | E29: 300000233 | F29: Amortización normal | G29: 10 | H29: -74028.63 | I29: PEN | J29: 1020231103 | K29: 45658 | L29: =+H29/10 -> -7402.863 | M29: =+H29-L29 -> -66625.767
A30: 3331004817 | B30: 0 | C30: A006 | D30: DOBLE MANGUERA PALMIRA F13 - MANGUERA | E30: 300000233 | F30: Amortización normal | G30: 10 | H30: -64228.75 | I30: PEN | J30: 1020231103 | K30: 45658 | L30: =+H30/10 -> -6422.875 | M30: =+H30-L30 -> -57805.875 | P30: Etiquetas de fila
A31: 3331004818 | B31: 0 | C31: A006 | D31: DOBLE MANGUERA DON ALBERTO F15 - MANGUERA | E31: 300000233 | F31: Amortización normal | G31: 10 | H31: -1711.94 | I31: PEN | J31: 1020231103 | K31: 45658 | L31: =+H31/10 -> -171.194 | M31: =+H31-L31 -> -1540.746 | P31: 6841100003 | Q31: DepEdific producción | S31: 6841100005 | T31: DepEdific producción M | V31: 3952100004 | W31: Depreciación edificaciones para producción M
A32: 3331004819 | B32: 0 | C32: A006 | D32: DOBLE MANGUERA DON ALBERTO F16 - MANGUERA | E32: 300000233 | F32: Amortización normal | G32: 10 | H32: -55277.58 | I32: PEN | J32: 1020231103 | K32: 45658 | L32: =+H32/10 -> -5527.758 | M32: =+H32-L32 -> -49749.822 | P32: 6841100004 | Q32: DeprEdific instalac | S32: 6841100006 | T32: DeprEdific instalac M | V32: 3952200002 | W32: Depreciación edificaciones instalaciones M
A33: 3331004820 | B33: 0 | C33: A006 | D33: DOBLE MANGUERA DON ALBERTO F17 - MANGUERA | E33: 300000233 | F33: Amortización normal | G33: 10 | H33: -65587.95 | I33: PEN | J33: 1020231103 | K33: 45658 | L33: =+H33/10 -> -6558.795 | M33: =+H33-L33 -> -59029.155 | P33: 6841200001 | Q33: DepMaq. EquipExplot | S33: 6841200002 | T33: DepMaq. EquipExplot M | V33: 3952400002 | W33: Depre. maquinaria y equipos de explotación M
A34: 3331004821 | B34: 0 | C34: A006 | D34: DOBLE MANGUERA HENRY J F20 - MANGUERA | E34: 300000233 | F34: Amortización normal | G34: 10 | H34: -45444.92 | I34: PEN | J34: 1020231103 | K34: 45658 | L34: =+H34/10 -> -4544.492 | M34: =+H34-L34 -> -40900.428 | P34: 6841500004 | Q34: Dep equipos diversos | S34: 6841500005 | T34: Dep equipos diversos M | V34: 3952700005 | W34: Depreciación equipos diversos M
A35: 3331004822 | B35: 0 | C35: A006 | D35: DOBLE MANGUERA HENRY J F21 - MANGUERA | E35: 300000233 | F35: Amortización normal | G35: 10 | H35: -6511.06 | I35: PEN | J35: 1020231103 | K35: 45658 | L35: =+H35/10 -> -651.106 | M35: =+H35-L35 -> -5859.954 | P35: 6861900001 | Q35: Amort otros act inta | S35: 6861900002 | T35: Amort otros act inta M | V35: 3961900002 | W35: Amortización otros activos intangibles - Costo M
A36: 3331004823 | B36: 0 | C36: A006 | D36: DOBLE MANGUERA HENRY J F22 - MANGUERA | E36: 300000233 | F36: Amortización normal | G36: 10 | H36: -6293.38 | I36: PEN | J36: 1020231103 | K36: 45658 | L36: =+H36/10 -> -629.338 | M36: =+H36-L36 -> -5664.042 | P36: Total general
A37: 3331004824 | B37: 0 | C37: A006 | D37: TRANSFORMADOR GyR ELECTRIC | E37: 300000233 | F37: Amortización normal | G37: 10 | H37: -356.96 | I37: PEN | J37: 1020231303 | K37: 45748 | L37: -51 | M37: =+H37-L37 -> -305.96
A38: 3331004825 | B38: 0 | C38: A006 | D38: OVERHAUL COSECHADORA ORUGA JHON DEERE | E38: 300000233 | F38: Amortización normal | G38: 10 | H38: -22724.34 | I38: PEN | J38: 1020230304 | K38: 45839 | L38: -5681.08 | M38: =+H38-L38 -> -17043.26 | N38: 1 | O38: 3224000003
A39: 3331004826 | B39: 0 | C39: A006 | D39: OVERHAUL COSECHADORA DE CAÑA JOHN DEERE CH570 | E39: 300000233 | F39: Amortización normal | G39: 10 | H39: -2449.8 | I39: PEN | J39: 1020230304 | K39: 45658 | L39: =+H39/10 -> -244.98 | M39: =+H39-L39 -> -2204.82 | N39: 1 | O39: 3331000009
A40: 3331004827 | B40: 0 | C40: A006 | D40: OVERHAUL COSECHADORA JOHN DEERE | E40: 300000233 | F40: Amortización normal | G40: 10 | H40: -57403.73 | I40: PEN | J40: 1020230304 | K40: 45658 | L40: =+H40/10 -> -5740.373 | M40: =+H40-L40 -> -51663.357 | N40: 1 | O40: 3224000002
A41: 3331004828 | B41: 0 | C41: A006 | D41: Hidrociclones Pozo Alfredo | E41: 300000233 | F41: Amortización normal | G41: 10 | H41: -3200.16 | I41: PEN | J41: 1020231210 | K41: 45658 | L41: =+H41/10 -> -320.016 | M41: =+H41-L41 -> -2880.144
A42: 3331004829 | B42: 0 | C42: A006 | D42: Hidrociclones Pozos Espinal | E42: 300000233 | F42: Amortización normal | G42: 10 | H42: -2611.45 | I42: PEN | J42: 1020231210 | K42: 45658 | L42: =+H42/10 -> -261.145 | M42: =+H42-L42 -> -2350.305
A43: 3331004830 | B43: 0 | C43: A006 | D43: Hidrociclones Pozos S. Idelfonso | E43: 300000233 | F43: Amortización normal | G43: 10 | H43: -3783.79 | I43: PEN | J43: 1020231210 | K43: 45658 | L43: =+H43/10 -> -378.379 | M43: =+H43-L43 -> -3405.411
A44: 3331004831 | B44: 0 | C44: A006 | D44: TANQUE CISTERNA AGUA CONTRA INCENDIOS | E44: 300000233 | F44: Amortización normal | G44: 10 | H44: -14293.22 | I44: PEN | J44: 1020230304 | K44: 45658 | L44: =+H44/10 -> -1429.322 | M44: =+H44-L44 -> -12863.898
A45: 3369001559 | B45: 0 | C45: A014 | D45: FIREWALL FORTINET 90G | E45: 300000242 | F45: Amortización normal | G45: 10 | H45: -645.62 | I45: PEN | J45: 1020231101 | K45: 45877 | L45: -215.2 | M45: =+H45-L45 -> -430.42
A46: 3369001560 | B46: 0 | C46: A014 | D46: TABLET INDUSTRIAL ZEBRA ET65AW | E46: 300000242 | F46: Amortización normal | G46: 10 | H46: -2222.48 | I46: PEN | J46: 1020230402 | K46: 45658 | L46: =+H46/10 -> -222.248 | M46: =+H46-L46 -> -2000.232
A47: 3369001561 | B47: 0 | C47: A014 | D47: KIT MEDIDOR DE ACEITE MULTISYSTEM 4070 | E47: 300000242 | F47: Amortización normal | G47: 10 | H47: -5790.48 | I47: PEN | J47: 1020230402 | K47: 45658 | L47: =+H47/10 -> -579.048 | M47: =+H47-L47 -> -5211.432
A48: 3369001562 | B48: 0 | C48: A014 | D48: KIT MONITOREO CONDICION DE ACEITE CX197 | E48: 300000242 | F48: Amortización normal | G48: 10 | H48: -7408.96 | I48: PEN | J48: 1020230402 | K48: 45658 | L48: =+H48/10 -> -740.896 | M48: =+H48-L48 -> -6668.064
A49: 3369001563 | B49: 0 | C49: A014 | D49: DIALIZADOR DE ACEITE Y CUENTA PARTICULAS | E49: 300000242 | F49: Amortización normal | G49: 10 | H49: -5761.66 | I49: PEN | J49: 1020230402 | K49: 45658 | L49: =+H49/10 -> -576.166 | M49: =+H49-L49 -> -5185.494
A50: 3369001567 | B50: 0 | C50: A014 | D50: TALGIL RF CENTER OF DREAM - RADIO RTU GV | E50: 300000242 | F50: Amortización normal | G50: 10 | H50: -250.78 | I50: PEN | J50: 1020231102 | K50: 45658 | L50: =+H50/10 -> -25.078 | M50: =+H50-L50 -> -225.702
A51: 3369001568 | B51: 0 | C51: A014 | D51: TALGIL RTU RADIO 8 OUT DC/0 IN (8/0) GV | E51: 300000242 | F51: Amortización normal | G51: 10 | H51: -441.93 | I51: PEN | J51: 1020231101 | K51: 45658 | L51: =+H51/10 -> -44.193 | M51: =+H51-L51 -> -397.737
A52: 3369001569 | B52: 0 | C52: A014 | D52: TURBIDIMETRO HAACH | E52: 300000242 | F52: Amortización normal | G52: 10 | H52: -373.58 | I52: PEN | J52: 1020231103 | K52: 45778 | L52: -62.27 | M52: =+H52-L52 -> -311.31
A53: 3369001570 | B53: 0 | C53: A014 | D53: CENTRALIZACIÓN DREAM 2 | E53: 300000242 | F53: Amortización normal | G53: 10 | H53: -4856.21 | I53: PEN | J53: 1020231103 | K53: 45809 | L53: -971.25 | M53: =+H53-L53 -> -3884.96
A54: 3369001571 | B54: 0 | C54: A014 | D54: Transformador Trifasico 850 KVA | E54: 300000242 | F54: Amortización normal | G54: 10 | H54: -4030.89 | I54: PEN | J54: 1020231103 | K54: 45809 | L54: -806.18 | M54: =+H54-L54 -> -3224.71
A55: 3369001574 | B55: 0 | C55: A014 | D55: LAVADORA Y SECADORA HISENSE | E55: 300000242 | F55: Amortización normal | G55: 10 | H55: -110.27 | I55: PEN | J55: 1020231221 | K55: 45848 | L55: -27.56 | M55: =+H55-L55 -> -82.71
A56: 3369001575 | B56: 0 | C56: A014 | D56: PISOS DE GOMA SALA DE ORDEÑO #2 | E56: 300000242 | F56: Amortización normal | G56: 10 | H56: -13227.74 | I56: PEN | J56: 1020231221 | K56: 45748 | L56: -1889.68 | M56: =+H56-L56 -> -11338.06
A57: 3369001576 | B57: 0 | C57: A014 | D57: AIRE ACONDICIONADO COLDPOINT | E57: 300000242 | F57: Amortización normal | G57: 10 | H57: -163.67 | I57: PEN | J57: 1020231221 | K57: 45689 | L57: -18.18 | M57: =+H57-L57 -> -145.49
A58: 3369001577 | B58: 0 | C58: A014 | D58: AIRE ACONDICIONADO 48000 BTU/H | E58: 300000242 | F58: Amortización normal | G58: 10 | H58: -3405.66 | I58: PEN | J58: 1020231304 | K58: 45698 | L58: -378.4 | M58: =+H58-L58 -> -3027.26
A59: 3369001578 | B59: 0 | C59: A014 | D59: PC DESKTOP COMPATIBLE | E59: 300000242 | F59: Amortización normal | G59: 10 | H59: -2070.89 | I59: PEN | J59: 1020231203 | K59: 45695 | L59: -230.1 | M59: =+H59-L59 -> -1840.79
A60: 3369001579 | B60: 0 | C60: A014 | D60: PLOTTER HP DE 44 PULGADAS | E60: 300000242 | F60: Amortización normal | G60: 10 | H60: -7599.61 | I60: PEN | J60: 1020231203 | K60: 45706 | L60: -844.4 | M60: =+H60-L60 -> -6755.21
A61: 3369001581 | B61: 0 | C61: A014 | D61: CAMARAS INTERNA Y EXTERNA GPS JIMI | E61: 300000242 | F61: Amortización normal | G61: 10 | H61: -4877.59 | I61: PEN | J61: 1020231201 | K61: 45869 | L61: -1219.4 | M61: =+H61-L61 -> -3658.19
A62: 3369001583 | B62: 0 | C62: A014 | D62: UPS MODULAR DE 10KVA MONO | E62: 300000242 | F62: Amortización normal | G62: 10 | H62: -783.85 | I62: PEN | J62: 1020230004 | K62: 45809 | L62: -156.77 | M62: =+H62-L62 -> -627.08
A63: 3491000003 | B63: 0 | C63: I003 | D63: PROYECTO SOLINFTEC | E63: 300000236 | F63: Amortización normal | G63: 10 | H63: -17134.79 | I63: PEN | J63: 1020230301 | K63: 45658 | L63: =+H63/10 -> -1713.479 | M63: =+H63-L63 -> -15421.311
